Workbook

Sheet Transactions
A1: TransactionID | B1: AccountID | C1: DateTime | D1: Amount | E1: Currency | F1: Country | G1: MerchantCategory | H1: Channel | I1: Date | J1: Hour | K1: Weekday
A2: TXN501255 | B2: ACC1055 | C2: 2026-01-01 05:29:00 | D2: 201.32 | E2: USD | F2: India | G2: Electronics | H2: ATM | I2: 2026-01-01 | J2: 5 | K2: Thursday
A3: TXN500274 | B3: ACC1012 | C3: 2026-01-01 06:09:00 | D3: 67.3 | E3: USD | F3: India | G3: Wire Transfer | H3: POS | I3: 2026-01-01 | J3: 6 | K3: Thursday
A4: TXN500063 | B4: ACC1002 | C4: 2026-01-01 09:08:00 | D4: 24.64 | E4: USD | F4: Singapore | G4: Utilities | H4: POS | I4: 2026-01-01 | J4: 9 | K4: Thursday
A5: TXN500892 | B5: ACC1038 | C5: 2026-01-01 12:03:00 | D5: 105.27 | E5: USD | F5: India | G5: Wire Transfer | H5: ATM | I5: 2026-01-01 | J5: 12 | K5: Thursday
A6: TXN501090 | B6: ACC1048 | C6: 2026-01-01 12:48:00 | D6: 55.88 | E6: USD | F6: India | G6: Travel | H6: Online | I6: 2026-01-01 | J6: 12 | K6: Thursday
A7: TXN501237 | B7: ACC1054 | C7: 2026-01-01 13:16:00 | D7: 301.85 | E7: USD | F7: UAE | G7: Retail | H7: Online | I7: 2026-01-01 | J7: 13 | K7: Thursday
A8: TXN501153 | B8: ACC1050 | C8: 2026-01-01 15:18:00 | D8: 37.52 | E8: USD | F8: Singapore | G8: Retail | H8: ATM | I8: 2026-01-01 | J8: 15 | K8: Thursday
A9: TXN501047 | B9: ACC1045 | C9: 2026-01-01 16:34:00 | D9: 119.95 | E9: USD | F9: USA | G9: Retail | H9: Online | I9: 2026-01-01 | J9: 16 | K9: Thursday
A10: TXN500340 | B10: ACC1015 | C10: 2026-01-01 19:01:00 | D10: 40.15 | E10: USD | F10: UAE | G10: Utilities | H10: POS | I10: 2026-01-01 | J10: 19 | K10: Thursday
A11: TXN500562 | B11: ACC1024 | C11: 2026-01-01 21:21:00 | D11: 431.76 | E11: USD | F11: UK | G11: Wire Transfer | H11: Online | I11: 2026-01-01 | J11: 21 | K11: Thursday
A12: TXN500017 | B12: ACC1000 | C12: 2026-01-01 21:56:00 | D12: 26.8 | E12: USD | F12: India | G12: Utilities | H12: ATM | I12: 2026-01-01 | J12: 21 | K12: Thursday
A13: TXN501027 | B13: ACC1044 | C13: 2026-01-01 22:05:00 | D13: 69.01 | E13: USD | F13: UK | G13: Utilities | H13: Online | I13: 2026-01-01 | J13: 22 | K13: Thursday
... A1489: TXN500162 | B1489: ACC1007 | C1489: 2026-03-31 17:04:00 | D1489: 135.42 | E1489: USD | F1489: USA | G1489: Dining | H1489: Online | I1489: 2026-03-31 | J1489: 17 | K1489: Tuesday

Sheet SQL Findings
A1: Accounts flagged by the SQL detection engine (multi-row join rules not practical as single-row Excel formulas)
A3: AccountID | B3: Structuring Flag (Rule 1) | C3: Geo-Impossibility Flag (Rule 3) | D3: Duplicate Txn Flag (Rule 5)
A4: ACC1000 | B4: Yes | C4: No | D4: No
A5: ACC1001 | B5: No | C5: Yes | D5: No
A6: ACC1002 | B6: Yes | C6: No | D6: No
A7: ACC1004 | B7: No | C7: No | D7: Yes
A8: ACC1009 | B8: No | C8: Yes | D8: No
A9: ACC1014 | B9: No | C9: No | D9: Yes
A10: ACC1015 | B10: No | C10: Yes | D10: No
A11: ACC1024 | B11: Yes | C11: No | D11: Yes
A12: ACC1030 | B12: No | C12: No | D12: Yes
A13: ACC1037 | B13: No | C13: Yes | D13: No
A14: ACC1040 | B14: Yes | C14: No | D14: No
... A18: ACC1057 | B18: No | C18: No | D18: Yes

Sheet Risk Scoring
A1: TransactionID | B1: AccountID | C1: Date | D1: Hour | E1: Amount | F1: Channel | G1: MerchantCategory | H1: VelocityFlag | I1: RoundAmountFlag | J1: OffHoursFlag | K1: SQLFlag | L1: RiskScore | M1: RiskLevel
A2: =Transactions!A2 -> TXN501255 | B2: =Transactions!B2 -> ACC1055 | C2: =Transactions!I2 -> 2026-01-01 | D2: =Transactions!J2 -> 5 | E2: =Transactions!D2 -> 201.32 | F2: =Transactions!H2 -> ATM | G2: =Transactions!G2 -> Electronics | H2: =IF(COUNTIFS($B$2:$B$1489,B2,$C$2:$C$1489,C2,$D$2:$D$1489,D2)>6,1,0) -> 0 | I2: =IF(AND(F2="Wire",E2>=1000,MOD(E2,1000)=0),1,0) -> 0 | J2: =IF(AND(F2="ATM",E2>2000,D2<=4),1,0) -> 0 | K2: =IF(COUNTIF('SQL Findings'!$A$4:$A$18,B2)>0,1,0) -> 1 | L2: =SUM(H2:K2) -> 1 | M2: =IF(L2>=2,"High",IF(L2=1,"Medium","Low")) -> Medium
A3: =Transactions!A3 -> TXN500274 | B3: =Transactions!B3 -> ACC1012 | C3: =Transactions!I3 -> 2026-01-01 | D3: =Transactions!J3 -> 6 | E3: =Transactions!D3 -> 67.3 | F3: =Transactions!H3 -> POS | G3: =Transactions!G3 -> Wire Transfer | H3: =IF(COUNTIFS($B$2:$B$1489,B3,$C$2:$C$1489,C3,$D$2:$D$1489,D3)>6,1,0) -> 0 | I3: =IF(AND(F3="Wire",E3>=1000,MOD(E3,1000)=0),1,0) -> 0 | J3: =IF(AND(F3="ATM",E3>2000,D3<=4),1,0) -> 0 | K3: =IF(COUNTIF('SQL Findings'!$A$4:$A$18,B3)>0,1,0) -> 0 | L3: =SUM(H3:K3) -> 0 | M3: =IF(L3>=2,"High",IF(L3=1,"Medium","Low")) -> Low
A4: =Transactions!A4 -> TXN500063 | B4: =Transactions!B4 -> ACC1002 | C4: =Transactions!I4 -> 2026-01-01 | D4: =Transactions!J4 -> 9 | E4: =Transactions!D4 -> 24.64 | F4: =Transactions!H4 -> POS | G4: =Transactions!G4 -> Utilities | H4: =IF(COUNTIFS($B$2:$B$1489,B4,$C$2:$C$1489,C4,$D$2:$D$1489,D4)>6,1,0) -> 0 | I4: =IF(AND(F4="Wire",E4>=1000,MOD(E4,1000)=0),1,0) -> 0 | J4: =IF(AND(F4="ATM",E4>2000,D4<=4),1,0) -> 0 | K4: =IF(COUNTIF('SQL Findings'!$A$4:$A$18,B4)>0,1,0) -> 1 | L4: =SUM(H4:K4) -> 1 | M4: =IF(L4>=2,"High",IF(L4=1,"Medium","Low")) -> Medium
A5: =Transactions!A5 -> TXN500892 | B5: =Transactions!B5 -> ACC1038 | C5: =Transactions!I5 -> 2026-01-01 | D5: =Transactions!J5 -> 12 | E5: =Transactions!D5 -> 105.27 | F5: =Transactions!H5 -> ATM | G5: =Transactions!G5 -> Wire Transfer | H5: =IF(COUNTIFS($B$2:$B$1489,B5,$C$2:$C$1489,C5,$D$2:$D$1489,D5)>6,1,0) -> 0 | I5: =IF(AND(F5="Wire",E5>=1000,MOD(E5,1000)=0),1,0) -> 0 | J5: =IF(AND(F5="ATM",E5>2000,D5<=4),1,0) -> 0 | K5: =IF(COUNTIF('SQL Findings'!$A$4:$A$18,B5)>0,1,0) -> 0 | L5: =SUM(H5:K5) -> 0 | M5: =IF(L5>=2,"High",IF(L5=1,"Medium","Low")) -> Low
A6: =Transactions!A6 -> TXN501090 | B6: =Transactions!B6 -> ACC1048 | C6: =Transactions!I6 -> 2026-01-01 | D6: =Transactions!J6 -> 12 | E6: =Transactions!D6 -> 55.88 | F6: =Transactions!H6 -> Online | G6: =Transactions!G6 -> Travel | H6: =IF(COUNTIFS($B$2:$B$1489,B6,$C$2:$C$1489,C6,$D$2:$D$1489,D6)>6,1,0) -> 0 | I6: =IF(AND(F6="Wire",E6>=1000,MOD(E6,1000)=0),1,0) -> 0 | J6: =IF(AND(F6="ATM",E6>2000,D6<=4),1,0) -> 0 | K6: =IF(COUNTIF('SQL Findings'!$A$4:$A$18,B6)>0,1,0) -> 0 | L6: =SUM(H6:K6) -> 0 | M6: =IF(L6>=2,"High",IF(L6=1,"Medium","Low")) -> Low
A7: =Transactions!A7 -> TXN501237 | B7: =Transactions!B7 -> ACC1054 | C7: =Transactions!I7 -> 2026-01-01 | D7: =Transactions!J7 -> 13 | E7: =Transactions!D7 -> 301.85 | F7: =Transactions!H7 -> Online | G7: =Transactions!G7 -> Retail | H7: =IF(COUNTIFS($B$2:$B$1489,B7,$C$2:$C$1489,C7,$D$2:$D$1489,D7)>6,1,0) -> 0 | I7: =IF(AND(F7="Wire",E7>=1000,MOD(E7,1000)=0),1,0) -> 0 | J7: =IF(AND(F7="ATM",E7>2000,D7<=4),1,0) -> 0 | K7: =IF(COUNTIF('SQL Findings'!$A$4:$A$18,B7)>0,1,0) -> 0 | L7: =SUM(H7:K7) -> 0 | M7: =IF(L7>=2,"High",IF(L7=1,"Medium","Low")) -> Low
A8: =Transactions!A8 -> TXN501153 | B8: =Transactions!B8 -> ACC1050 | C8: =Transactions!I8 -> 2026-01-01 | D8: =Transactions!J8 -> 15 | E8: =Transactions!D8 -> 37.52 | F8: =Transactions!H8 -> ATM | G8: =Transactions!G8 -> Retail | H8: =IF(COUNTIFS($B$2:$B$1489,B8,$C$2:$C$1489,C8,$D$2:$D$1489,D8)>6,1,0) -> 0 | I8: =IF(AND(F8="Wire",E8>=1000,MOD(E8,1000)=0),1,0) -> 0 | J8: =IF(AND(F8="ATM",E8>2000,D8<=4),1,0) -> 0 | K8: =IF(COUNTIF('SQL Findings'!$A$4:$A$18,B8)>0,1,0) -> 0 | L8: =SUM(H8:K8) -> 0 | M8: =IF(L8>=2,"High",IF(L8=1,"Medium","Low")) -> Low
A9: =Transactions!A9 -> TXN501047 | B9: =Transactions!B9 -> ACC1045 | C9: =Transactions!I9 -> 2026-01-01 | D9: =Transactions!J9 -> 16 | E9: =Transactions!D9 -> 119.95 | F9: =Transactions!H9 -> Online | G9: =Transactions!G9 -> Retail | H9: =IF(COUNTIFS($B$2:$B$1489,B9,$C$2:$C$1489,C9,$D$2:$D$1489,D9)>6,1,0) -> 0 | I9: =IF(AND(F9="Wire",E9>=1000,MOD(E9,1000)=0),1,0) -> 0 | J9: =IF(AND(F9="ATM",E9>2000,D9<=4),1,0) -> 0 | K9: =IF(COUNTIF('SQL Findings'!$A$4:$A$18,B9)>0,1,0) -> 0 | L9: =SUM(H9:K9) -> 0 | M9: =IF(L9>=2,"High",IF(L9=1,"Medium","Low")) -> Low
A10: =Transactions!A10 -> TXN500340 | B10: =Transactions!B10 -> ACC1015 | C10: =Transactions!I10 -> 2026-01-01 | D10: =Transactions!J10 -> 19 | E10: =Transactions!D10 -> 40.15 | F10: =Transactions!H10 -> POS | G10: =Transactions!G10 -> Utilities | H10: =IF(COUNTIFS($B$2:$B$1489,B10,$C$2:$C$1489,C10,$D$2:$D$1489,D10)>6,1,0) -> 0 | I10: =IF(AND(F10="Wire",E10>=1000,MOD(E10,1000)=0),1,0) -> 0 | J10: =IF(AND(F10="ATM",E10>2000,D10<=4),1,0) -> 0 | K10: =IF(COUNTIF('SQL Findings'!$A$4:$A$18,B10)>0,1,0) -> 1 | L10: =SUM(H10:K10) -> 1 | M10: =IF(L10>=2,"High",IF(L10=1,"Medium","Low")) -> Medium
A11: =Transactions!A11 -> TXN500562 | B11: =Transactions!B11 -> ACC1024 | C11: =Transactions!I11 -> 2026-01-01 | D11: =Transactions!J11 -> 21 | E11: =Transactions!D11 -> 431.76 | F11: =Transactions!H11 -> Online | G11: =Transactions!G11 -> Wire Transfer | H11: =IF(COUNTIFS($B$2:$B$1489,B11,$C$2:$C$1489,C11,$D$2:$D$1489,D11)>6,1,0) -> 0 | I11: =IF(AND(F11="Wire",E11>=1000,MOD(E11,1000)=0),1,0) -> 0 | J11: =IF(AND(F11="ATM",E11>2000,D11<=4),1,0) -> 0 | K11: =IF(COUNTIF('SQL Findings'!$A$4:$A$18,B11)>0,1,0) -> 1 | L11: =SUM(H11:K11) -> 1 | M11: =IF(L11>=2,"High",IF(L11=1,"Medium","Low")) -> Medium
A12: =Transactions!A12 -> TXN500017 | B12: =Transactions!B12 -> ACC1000 | C12: =Transactions!I12 -> 2026-01-01 | D12: =Transactions!J12 -> 21 | E12: =Transactions!D12 -> 26.8 | F12: =Transactions!H12 -> ATM | G12: =Transactions!G12 -> Utilities | H12: =IF(COUNTIFS($B$2:$B$1489,B12,$C$2:$C$1489,C12,$D$2:$D$1489,D12)>6,1,0) -> 0 | I12: =IF(AND(F12="Wire",E12>=1000,MOD(E12,1000)=0),1,0) -> 0 | J12: =IF(AND(F12="ATM",E12>2000,D12<=4),1,0) -> 0 | K12: =IF(COUNTIF('SQL Findings'!$A$4:$A$18,B12)>0,1,0) -> 1 | L12: =SUM(H12:K12) -> 1 | M12: =IF(L12>=2,"High",IF(L12=1,"Medium","Low")) -> Medium
A13: =Transactions!A13 -> TXN501027 | B13: =Transactions!B13 -> ACC1044 | C13: =Transactions!I13 -> 2026-01-01 | D13: =Transactions!J13 -> 22 | E13: =Transactions!D13 -> 69.01 | F13: =Transactions!H13 -> Online | G13: =Transactions!G13 -> Utilities | H13: =IF(COUNTIFS($B$2:$B$1489,B13,$C$2:$C$1489,C13,$D$2:$D$1489,D13)>6,1,0) -> 0 | I13: =IF(AND(F13="Wire",E13>=1000,MOD(E13,1000)=0),1,0) -> 0 | J13: =IF(AND(F13="ATM",E13>2000,D13<=4),1,0) -> 0 | K13: =IF(COUNTIF('SQL Findings'!$A$4:$A$18,B13)>0,1,0) -> 0 | L13: =SUM(H13:K13) -> 0 | M13: =IF(L13>=2,"High",IF(L13=1,"Medium","Low")) -> Low
... A1489: =Transactions!A1489 -> TXN500162 | B1489: =Transactions!B1489 -> ACC1007 | C1489: =Transactions!I1489 -> 2026-03-31 | D1489: =Transactions!J1489 -> 17 | E1489: =Transactions!D1489 -> 135.42 | F1489: =Transactions!H1489 -> Online | G1489: =Transactions!G1489 -> Dining | H1489: =IF(COUNTIFS($B$2:$B$1489,B1489,$C$2:$C$1489,C1489,$D$2:$D$1489,D1489)>6,1,0) -> 0 | I1489: =IF(AND(F1489="Wire",E1489>=1000,MOD(E1489,1000)=0),1,0) -> 0 | J1489: =IF(AND(F1489="ATM",E1489>2000,D1489<=4),1,0) -> 0 | K1489: =IF(COUNTIF('SQL Findings'!$A$4:$A$18,B1489)>0,1,0) -> 0 | L1489: =SUM(H1489:K1489) -> 0 | M1489: =IF(L1489>=2,"High",IF(L1489=1,"Medium","Low")) -> Low

Sheet Account Summary
A1: AccountID | B1: TotalTransactions | C1: FlaggedTransactions | D1: HighRiskTransactions | E1: FlaggedAmount | F1: FlagRate
A2: ACC1000 | B2: =COUNTIF('Risk Scoring'!$B$2:$B$1489,A2) -> 26 | C2: =COUNTIFS('Risk Scoring'!$B$2:$B$1489,A2,'Risk Scoring'!$L$2:$L$1489,">=1") -> 26 | D2: =COUNTIFS('Risk Scoring'!$B$2:$B$1489,A2,'Risk Scoring'!$M$2:$M$1489,"High") -> 0 | E2: =SUMIFS('Risk Scoring'!$E$2:$E$1489,'Risk Scoring'!$B$2:$B$1489,A2,'Risk Scoring'!$L$2:$L$1489,">=1") -> 12169.73 | F2: =IFERROR(C2/B2,0) -> 1
A3: ACC1001 | B3: =COUNTIF('Risk Scoring'!$B$2:$B$1489,A3) -> 32 | C3: =COUNTIFS('Risk Scoring'!$B$2:$B$1489,A3,'Risk Scoring'!$L$2:$L$1489,">=1") -> 32 | D3: =COUNTIFS('Risk Scoring'!$B$2:$B$1489,A3,'Risk Scoring'!$M$2:$M$1489,"High") -> 0 | E3: =SUMIFS('Risk Scoring'!$E$2:$E$1489,'Risk Scoring'!$B$2:$B$1489,A3,'Risk Scoring'!$L$2:$L$1489,">=1") -> 4408.03 | F3: =IFERROR(C3/B3,0) -> 1
A4: ACC1002 | B4: =COUNTIF('Risk Scoring'!$B$2:$B$1489,A4) -> 22 | C4: =COUNTIFS('Risk Scoring'!$B$2:$B$1489,A4,'Risk Scoring'!$L$2:$L$1489,">=1") -> 22 | D4: =COUNTIFS('Risk Scoring'!$B$2:$B$1489,A4,'Risk Scoring'!$M$2:$M$1489,"High") -> 0 | E4: =SUMIFS('Risk Scoring'!$E$2:$E$1489,'Risk Scoring'!$B$2:$B$1489,A4,'Risk Scoring'!$L$2:$L$1489,">=1") -> 14864.26 | F4: =IFERROR(C4/B4,0) -> 1
A5: ACC1003 | B5: =COUNTIF('Risk Scoring'!$B$2:$B$1489,A5) -> 20 | C5: =COUNTIFS('Risk Scoring'!$B$2:$B$1489,A5,'Risk Scoring'!$L$2:$L$1489,">=1") -> 0 | D5: =COUNTIFS('Risk Scoring'!$B$2:$B$1489,A5,'Risk Scoring'!$M$2:$M$1489,"High") -> 0 | E5: =SUMIFS('Risk Scoring'!$E$2:$E$1489,'Risk Scoring'!$B$2:$B$1489,A5,'Risk Scoring'!$L$2:$L$1489,">=1") -> 0 | F5: =IFERROR(C5/B5,0) -> 0
A6: ACC1004 | B6: =COUNTIF('Risk Scoring'!$B$2:$B$1489,A6) -> 41 | C6: =COUNTIFS('Risk Scoring'!$B$2:$B$1489,A6,'Risk Scoring'!$L$2:$L$1489,">=1") -> 41 | D6: =COUNTIFS('Risk Scoring'!$B$2:$B$1489,A6,'Risk Scoring'!$M$2:$M$1489,"High") -> 10 | E6: =SUMIFS('Risk Scoring'!$E$2:$E$1489,'Risk Scoring'!$B$2:$B$1489,A6,'Risk Scoring'!$L$2:$L$1489,">=1") -> 6527.97 | F6: =IFERROR(C6/B6,0) -> 1
A7: ACC1005 | B7: =COUNTIF('Risk Scoring'!$B$2:$B$1489,A7) -> 24 | C7: =COUNTIFS('Risk Scoring'!$B$2:$B$1489,A7,'Risk Scoring'!$L$2:$L$1489,">=1") -> 8 | D7: =COUNTIFS('Risk Scoring'!$B$2:$B$1489,A7,'Risk Scoring'!$M$2:$M$1489,"High") -> 0 | E7: =SUMIFS('Risk Scoring'!$E$2:$E$1489,'Risk Scoring'!$B$2:$B$1489,A7,'Risk Scoring'!$L$2:$L$1489,">=1") -> 2359.8 | F7: =IFERROR(C7/B7,0) -> 0.33333333
A8: ACC1006 | B8: =COUNTIF('Risk Scoring'!$B$2:$B$1489,A8) -> 31 | C8: =COUNTIFS('Risk Scoring'!$B$2:$B$1489,A8,'Risk Scoring'!$L$2:$L$1489,">=1") -> 4 | D8: =COUNTIFS('Risk Scoring'!$B$2:$B$1489,A8,'Risk Scoring'!$M$2:$M$1489,"High") -> 0 | E8: =SUMIFS('Risk Scoring'!$E$2:$E$1489,'Risk Scoring'!$B$2:$B$1489,A8,'Risk Scoring'!$L$2:$L$1489,">=1") -> 18000 | F8: =IFERROR(C8/B8,0) -> 0.12903226
A9: ACC1007 | B9: =COUNTIF('Risk Scoring'!$B$2:$B$1489,A9) -> 24 | C9: =COUNTIFS('Risk Scoring'!$B$2:$B$1489,A9,'Risk Scoring'!$L$2:$L$1489,">=1") -> 0 | D9: =COUNTIFS('Risk Scoring'!$B$2:$B$1489,A9,'Risk Scoring'!$M$2:$M$1489,"High") -> 0 | E9: =SUMIFS('Risk Scoring'!$E$2:$E$1489,'Risk Scoring'!$B$2:$B$1489,A9,'Risk Scoring'!$L$2:$L$1489,">=1") -> 0 | F9: =IFERROR(C9/B9,0) -> 0
A10: ACC1008 | B10: =COUNTIF('Risk Scoring'!$B$2:$B$1489,A10) -> 24 | C10: =COUNTIFS('Risk Scoring'!$B$2:$B$1489,A10,'Risk Scoring'!$L$2:$L$1489,">=1") -> 0 | D10: =COUNTIFS('Risk Scoring'!$B$2:$B$1489,A10,'Risk Scoring'!$M$2:$M$1489,"High") -> 0 | E10: =SUMIFS('Risk Scoring'!$E$2:$E$1489,'Risk Scoring'!$B$2:$B$1489,A10,'Risk Scoring'!$L$2:$L$1489,">=1") -> 0 | F10: =IFERROR(C10/B10,0) -> 0
A11: ACC1009 | B11: =COUNTIF('Risk Scoring'!$B$2:$B$1489,A11) -> 21 | C11: =COUNTIFS('Risk Scoring'!$B$2:$B$1489,A11,'Risk Scoring'!$L$2:$L$1489,">=1") -> 21 | D11: =COUNTIFS('Risk Scoring'!$B$2:$B$1489,A11,'Risk Scoring'!$M$2:$M$1489,"High") -> 0 | E11: =SUMIFS('Risk Scoring'!$E$2:$E$1489,'Risk Scoring'!$B$2:$B$1489,A11,'Risk Scoring'!$L$2:$L$1489,">=1") -> 6244.76 | F11: =IFERROR(C11/B11,0) -> 1
A12: ACC1010 | B12: =COUNTIF('Risk Scoring'!$B$2:$B$1489,A12) -> 28 | C12: =COUNTIFS('Risk Scoring'!$B$2:$B$1489,A12,'Risk Scoring'!$L$2:$L$1489,">=1") -> 1 | D12: =COUNTIFS('Risk Scoring'!$B$2:$B$1489,A12,'Risk Scoring'!$M$2:$M$1489,"High") -> 0 | E12: =SUMIFS('Risk Scoring'!$E$2:$E$1489,'Risk Scoring'!$B$2:$B$1489,A12,'Risk Scoring'!$L$2:$L$1489,">=1") -> 3618.74 | F12: =IFERROR(C12/B12,0) -> 0.035714286
A13: ACC1011 | B13: =COUNTIF('Risk Scoring'!$B$2:$B$1489,A13) -> 17 | C13: =COUNTIFS('Risk Scoring'!$B$2:$B$1489,A13,'Risk Scoring'!$L$2:$L$1489,">=1") -> 0 | D13: =COUNTIFS('Risk Scoring'!$B$2:$B$1489,A13,'Risk Scoring'!$M$2:$M$1489,"High") -> 0 | E13: =SUMIFS('Risk Scoring'!$E$2:$E$1489,'Risk Scoring'!$B$2:$B$1489,A13,'Risk Scoring'!$L$2:$L$1489,">=1") -> 0 | F13: =IFERROR(C13/B13,0) -> 0
... A61: ACC1059 | B61: =COUNTIF('Risk Scoring'!$B$2:$B$1489,A61) -> 23 | C61: =COUNTIFS('Risk Scoring'!$B$2:$B$1489,A61,'Risk Scoring'!$L$2:$L$1489,">=1") -> 0 | D61: =COUNTIFS('Risk Scoring'!$B$2:$B$1489,A61,'Risk Scoring'!$M$2:$M$1489,"High") -> 0 | E61: =SUMIFS('Risk Scoring'!$E$2:$E$1489,'Risk Scoring'!$B$2:$B$1489,A61,'Risk Scoring'!$L$2:$L$1489,">=1") -> 0 | F61: =IFERROR(C61/B61,0) -> 0

Sheet Dashboard
A1: FRAUD RISK MONITORING DASHBOARD
A2: Ananth Pillai · Advanced Excel Project · Synthetic transaction data, 90-day window
A4: Risk Level Distribution
A5: RiskLevel | B5: TransactionCount | D5: MerchantCategory | E5: FlaggedCount | G5: Date | H5: FlaggedCount
A6: High | B6: =COUNTIF('Risk Scoring'!$M$2:$M$1489,A6) -> 13 | D6: Cash Withdrawal | E6: =COUNTIFS('Risk Scoring'!$G$2:$G$1489,D6,'Risk Scoring'!$L$2:$L$1489,">=1") -> 50 | G6: 2026-01-01 | H6: =COUNTIFS('Risk Scoring'!$C$2:$C$1489,G6,'Risk Scoring'!$L$2:$L$1489,">=1") -> 5
A7: Medium | B7: =COUNTIF('Risk Scoring'!$M$2:$M$1489,A7) -> 429 | D7: Dining | E7: =COUNTIFS('Risk Scoring'!$G$2:$G$1489,D7,'Risk Scoring'!$L$2:$L$1489,">=1") -> 40 | G7: 2026-01-02 | H7: =COUNTIFS('Risk Scoring'!$C$2:$C$1489,G7,'Risk Scoring'!$L$2:$L$1489,">=1") -> 4
A8: Low | B8: =COUNTIF('Risk Scoring'!$M$2:$M$1489,A8) -> 1046 | D8: Electronics | E8: =COUNTIFS('Risk Scoring'!$G$2:$G$1489,D8,'Risk Scoring'!$L$2:$L$1489,">=1") -> 40 | G8: 2026-01-03 | H8: =COUNTIFS('Risk Scoring'!$C$2:$C$1489,G8,'Risk Scoring'!$L$2:$L$1489,">=1") -> 1
D9: Online Marketplace | E9: =COUNTIFS('Risk Scoring'!$G$2:$G$1489,D9,'Risk Scoring'!$L$2:$L$1489,">=1") -> 96 | G9: 2026-01-04 | H9: =COUNTIFS('Risk Scoring'!$C$2:$C$1489,G9,'Risk Scoring'!$L$2:$L$1489,">=1") -> 3
D10: Retail | E10: =COUNTIFS('Risk Scoring'!$G$2:$G$1489,D10,'Risk Scoring'!$L$2:$L$1489,">=1") -> 48 | G10: 2026-01-05 | H10: =COUNTIFS('Risk Scoring'!$C$2:$C$1489,G10,'Risk Scoring'!$L$2:$L$1489,">=1") -> 3
D11: Travel | E11: =COUNTIFS('Risk Scoring'!$G$2:$G$1489,D11,'Risk Scoring'!$L$2:$L$1489,">=1") -> 45 | G11: 2026-01-06 | H11: =COUNTIFS('Risk Scoring'!$C$2:$C$1489,G11,'Risk Scoring'!$L$2:$L$1489,">=1") -> 4
D12: Utilities | E12: =COUNTIFS('Risk Scoring'!$G$2:$G$1489,D12,'Risk Scoring'!$L$2:$L$1489,">=1") -> 47 | G12: 2026-01-07 | H12: =COUNTIFS('Risk Scoring'!$C$2:$C$1489,G12,'Risk Scoring'!$L$2:$L$1489,">=1") -> 7
D13: Wire Transfer | E13: =COUNTIFS('Risk Scoring'!$G$2:$G$1489,D13,'Risk Scoring'!$L$2:$L$1489,">=1") -> 76 | G13: 2026-01-08 | H13: =COUNTIFS('Risk Scoring'!$C$2:$C$1489,G13,'Risk Scoring'!$L$2:$L$1489,">=1") -> 0
G14: 2026-01-09 | H14: =COUNTIFS('Risk Scoring'!$C$2:$C$1489,G14,'Risk Scoring'!$L$2:$L$1489,">=1") -> 6
G15: 2026-01-10 | H15: =COUNTIFS('Risk Scoring'!$C$2:$C$1489,G15,'Risk Scoring'!$L$2:$L$1489,">=1") -> 4
G16: 2026-01-11 | H16: =COUNTIFS('Risk Scoring'!$C$2:$C$1489,G16,'Risk Scoring'!$L$2:$L$1489,">=1") -> 6
G17: 2026-01-12 | H17: =COUNTIFS('Risk Scoring'!$C$2:$C$1489,G17,'Risk Scoring'!$L$2:$L$1489,">=1") -> 2
G18: 2026-01-13 | H18: =COUNTIFS('Risk Scoring'!$C$2:$C$1489,G18,'Risk Scoring'!$L$2:$L$1489,">=1") -> 4
G19: 2026-01-14 | H19: =COUNTIFS('Risk Scoring'!$C$2:$C$1489,G19,'Risk Scoring'!$L$2:$L$1489,">=1") -> 5
G20: 2026-01-15 | H20: =COUNTIFS('Risk Scoring'!$C$2:$C$1489,G20,'Risk Scoring'!$L$2:$L$1489,">=1") -> 6
G21: 2026-01-16 | H21: =COUNTIFS('Risk Scoring'!$C$2:$C$1489,G21,'Risk Scoring'!$L$2:$L$1489,">=1") -> 13
G22: 2026-01-17 | H22: =COUNTIFS('Risk Scoring'!$C$2:$C$1489,G22,'Risk Scoring'!$L$2:$L$1489,">=1") -> 5
G23: 2026-01-18 | H23: =COUNTIFS('Risk Scoring'!$C$2:$C$1489,G23,'Risk Scoring'!$L$2:$L$1489,">=1") -> 9
G24: 2026-01-19 | H24: =COUNTIFS('Risk Scoring'!$C$2:$C$1489,G24,'Risk Scoring'!$L$2:$L$1489,">=1") -> 0
G25: 2026-01-20 | H25: =COUNTIFS('Risk Scoring'!$C$2:$C$1489,G25,'Risk Scoring'!$L$2:$L$1489,">=1") -> 5
... G95: 2026-03-31 | H95: =COUNTIFS('Risk Scoring'!$C$2:$C$1489,G95,'Risk Scoring'!$L$2:$L$1489,">=1") -> 2
